subject,body,answer,type,queue,priority
Customer Support Inquiry,"Seeking information on digital strategies that can aid in brand growth and details on the available services. Looking forward to learning more to help our business grow. Thank you, and I look forward to hearing from you soon.","We offer a variety of digital strategies and services to boost brand growth, including social media management and marketing. Let's discuss further; you can reach me at <tel_num> to schedule a call.",Request,Customer Service,medium
Data Analytics for Investment,"I am contacting you to request information on data analytics tools that can be utilized with the Eclipse IDE for enhancing investment optimization. I am seeking suggestions for tools that can aid in making data-driven decisions. Particularly, I am interested in tools that can manage large datasets and offer advanced analytics features. These tools should be compatible with the Eclipse IDE and can smoothly integrate into my workflow. Key features I am interested in include data visualization, predictive modeling, and machine learning capabilities. I would greatly appreciate any recommendations or advice on how to begin with data analytics for investment optimization using the Eclipse IDE.","I am here to assist you with data analytics tools for investment optimization. Please provide more details on your requirements, and I will suggest appropriate options that are compatible with the Eclipse IDE.",Request,Customer Service,medium
Security,"Dear Customer Support, I am reaching out to inquire about the security protocols you have in place to protect medical data. As a valued customer, I want to ensure that my sensitive health information is handled with the utmost care and confidentiality. Could you please provide me with information on the measures you take to safeguard medical data? Additionally, I would appreciate it if you could inform me about any certifications or compliances your company adheres to, such as HIPAA. I am also keen to know if you have any specific measures to prevent data breaches and unauthorized access. Thank you for your time and assistance. I look forward to your prompt response.","Dear [name], we take the security of medical data very seriously and have implemented strong security measures to protect sensitive information. Our company complies with HIPAA and has obtained the necessary certifications to ensure the confidentiality and integrity of medical data. To prevent data breaches and unauthorized access, we have protocols in place, including encryption and secure storage. If you require more detailed information, I would be happy to discuss this further with you, perhaps over a phone call at your convenience. Please let me know a suitable time to reach you at [tel_num] regarding your [acc_num].",Request,Customer Service,medium
Concerns About Securing Medical Data on 2-in-1 Convertible Laptop with Norton 360,Inquiring about best practices for securing medical data on a 2-in-1 Convertible Laptop. Currently have Norton 360 installed and need guidance on how to properly configure it to protect sensitive medical information. Would greatly appreciate any tips or recommendations you can offer.,"Thank you for your concern regarding securing medical data on your 2-in-1 Convertible Laptop. To properly configure Norton 360 for protecting sensitive medical information, I recommend enabling the firewall and ensuring all updates are installed. Additionally, consider setting up a virtual private network and enabling full disk encryption. It would be helpful to discuss this further. Please let me know a convenient time to call you at <tel_num> to provide personalized guidance and answer any questions you may have.",Request,Technical Support,medium
Problem with Integration,"The integration stopped working unexpectedly, causing synchronization errors between our platforms. This might be due to recent modifications to the API. Despite attempting to restart services and examining logs, the problem remains unresolved. I would be grateful for your help in addressing this issue.",I will look into the problem and call you at <tel_num> to discuss it further and arrange a convenient time for resolution.,Problem,IT Support,high
Issue with Data Analytics Platform - Insufficient RAM Allocation,"I am reaching out to report an issue with our data analytics platform. The platform has crashed, and we believe it might be due to inadequate RAM allocation. We have already tried restarting the server and reviewing the logs, but the problem still exists. We kindly request your assistance in investigating this matter and providing a resolution at your earliest convenience. Please inform us if any additional information from our side is necessary to address this issue. The platform is currently unavailable, and we urgently need it to be operational. Thank you for your consideration and support.","Your email regarding the data analytics platform issue has been received. I regret the disruption caused by the platform's downtime. To better understand and resolve the situation, could you please share the server details and the log files you have examined thus far? Additionally, could you provide the current RAM allocation and the recommended amount for the platform? If scheduling a call would be helpful, I can arrange a time to discuss this matter in greater detail and develop a solution to restore the platform's functionality as swiftly as possible. Please suggest a convenient time for the call.",Problem,Technical Support,high
Reported Issue with Project Sync Resulting in Data Loss,"Dear Customer Support,\n\nI am reporting an issue with our project sync, which has led to data loss. This sync failure occurred after recent software updates, possibly due to incompatibility issues. Despite restarting our systems and reviewing firewall settings, the problem remains unresolved.\n\nThe software updates were installed recently, and the sync failure happened shortly thereafter. Our team has attempted to troubleshoot the issue by restarting the systems and reviewing the firewall settings, but these efforts have been unsuccessful.\n\nI would greatly appreciate it if you could investigate this matter and provide a solution to resolve the sync issue and recover the lost data. If there is any additional information or logs you require from our side, please let me know.\n\nThank you for your time and assistance.\n\nBest regards,\n[Your Name]",We will look into the sync issue and contact you for any required information and to assist in finding a resolution.,Incident,Technical Support,high
Strategies for Brand Expansion,"Hello Customer Support Team, I am writing to seek advice on digital methods that can aid in expanding my brand. In the current digital era, a robust online footprint is essential for business success. I am keen to learn about the strategies you suggest for boosting brand visibility and attracting more customers. Particularly, I am interested in exploring social media marketing, search engine optimization, and content development. I think applying the appropriate digital strategies could significantly advance my brand. Would you be able to offer some insights on this? I look forward to your response. Thanks for your time and support.","Greetings [Name], thank you for contacting our support team to discuss brand expansion strategies. We appreciate your enthusiasm to enhance your online presence. To boost brand visibility and attract a broader customer base, we suggest investigating social media marketing, search engine optimization, and content development. These tactics can help elevate your brand and foster business growth. For more targeted advice, we are ready to delve into your objectives and aspirations. Would you be available for a consultation at your convenience, or should we arrange a call at [Phone Number] to explore these opportunities and develop a customized plan for your brand growth?",Request,Technical Support,medium
Issue with Website Analytics Dashboard,"Dear Customer Support, I am encountering a problem with my website analytics dashboard that is not updating. I believe there might be an issue with the API connection. I have already restarted the dashboard and verified my credentials, yet the problem still exists. Could you please investigate and offer a solution at your earliest convenience? If you require any additional information from me, please let me know. Thank you for your assistance, and I look forward to your response.","Dear <name>, we regret the inconvenience you have experienced with your website analytics dashboard. We will look into the potential API connection issue. Could you please provide your <acc_num> and any specific error messages you are receiving so we can assist you further?",Incident,Technical Support,low
Urgent: Data Breach Identified in Hospital Network,"Data breach found, assistance required",Please handle this data breach with urgency. Kindly share the specifics of the issue at hand and an expert will be assigned to assist you promptly.,Incident,Technical Support,high
Request for Assistance with Data Integration,"We are encountering data integration problems while optimizing investments using analytics tools. These issues might be due to unexpected software compatibility problems between various applications. Despite updating the software and checking for configuration errors, the problem continues. We would greatly appreciate your guidance in resolving this matter to ensure a smooth data flow and accurate analysis. Please inform us of the next steps to address this issue.",Please review the data integration issue and contact us at <tel_num> to discuss the next steps. We will provide guidance on resolving the software compatibility issues to ensure a smooth data flow and accurate analysis. Your account number is <acc_num>.,Problem,Customer Service,low
Request for Updating Integration Features on Mobile,I am writing to request an update to the integration features in our mobile applications. The current features are outdated and not compatible with recent software versions. I would like to request enhancements to ensure seamless functionality with the latest software versions.,"Dear [Name], we appreciate your request to update the integration features in our mobile applications. We will review the compatibility issues and work on enhancements. Could you please provide details on the software versions you are using and contact us at [Tel Number] to discuss the necessary updates?",Change,Product Support,low
Problem with Data Analytics Software Frequent Crashes,"The data analytics software used by the financial firm is experiencing frequent crashes, likely due to RAM limitations and software conflicts.","Dear [Name], we apologize for the frequent crashes of your data analytics software. We will investigate potential causes, including RAM limitations and software conflicts. Please provide us with details of any error messages you are receiving and your system configuration. To better assist you, please schedule a call at <tel_num> and we can discuss a solution for your <acc_num> account. We will get back to you shortly with the next steps.",Problem,Technical Support,high
Urgent: Identification of a Data Breach within the Patient Records System,Breach in data identified,Commencing immediate investigation into the data breach,Incident,Customer Service,high
,"To Whom It May Concern, I am contacting you to report a possible data breach, which may be related to outdated software. Despite my attempts to update various programs, including Snagit, Ansible, and Firebase, the problem continues. I am worried about the security of my data and would appreciate your help in addressing this issue promptly. Could you advise on the next steps or suggest a solution to prevent future breaches? I value your swift response to this matter and eagerly await your guidance. Please inform me if you require any further information to assist me. I can be reached at your convenience to discuss this further. Thank you for your support in resolving this issue. Please provide any necessary reference number <ref_num> for my records, and I look forward to your prompt follow-up.","Dear <name>, We acknowledge your email regarding a suspected data breach possibly due to outdated software. We regret any concern this has caused and thank you for your proactive attempts to update your programs. To better assist you, we need additional information regarding the breach. Could you please share details on the updates you've installed and any error messages you've encountered? Additionally, it would be useful to know the specific data you believe has been compromised. I am available for a phone call if you prefer. Please let me know a convenient time for you. In the meantime, I have assigned a reference number <ref_num> to your case and will contact you within the next 24 hours. Thank you for bringing this matter to our attention, and we look forward to resolving it promptly for you.",Incident,Product Support,high
Urgent: Update Encryption Protocols for JIRA and HubSpot CRM Systems,"Hello customer support, I am contacting you to highlight the urgent requirement to enhance encryption protocols on our JIRA and HubSpot CRM systems in order to secure medical data effectively. This update is vital for safeguarding sensitive information and ensuring adherence to regulatory standards. Could you please undertake these updates as soon as possible and notify me upon completion? If you need any more details from me, please let me know.","Thank you for bringing this to our attention, <name>. We recognize the urgency of updating encryption protocols on your JIRA and HubSpot CRM systems to protect medical data. We are committed to safeguarding sensitive information and maintaining compliance with regulatory requirements. For the update process, could you provide us with your <acc_num> and the current versions of JIRA and HubSpot CRM you are using? This will help us expedite the necessary updates. We will inform you once the updates are completed. If needed, we can arrange a call at <tel_num> to discuss further. Please specify a convenient time for the call if you prefer. We will prioritize this request and keep you updated on our progress.",Change,IT Support,medium
Guidelines for Securing Medical Data on macOS Systems with Symantec Endpoint Protection,Could you provide guidelines on securing medical data on macOS systems using Symantec Endpoint Protection? Thank you for your assistance.,I will provide guidelines on securing medical data on macOS systems using Symantec Endpoint Protection via email shortly.,Request,Billing and Payments,medium
Problem with Software Update,Data analytics functions are disrupted following the latest software update. Efforts to restart and reinstall the software have been unsuccessful.,"We apologize for the disruption caused by the recent software update. We would like to investigate and resolve the issue with your data analytics. Could you please provide any error messages you are seeing? For your convenience, we are available to discuss possible solutions over a call at <tel_num>. ",Incident,Technical Support,medium
Slowness observed in the data analytics platform,"There has been a noticeable slowdown in the data analytics platform. It might be due to inadequate server resources. Despite restarting the servers and verifying the configurations, the problem continues.","Dear <name>, thank you for contacting us regarding the slowdown in the data analytics platform. We understand how this issue has affected you. We will delve into the root cause. As you have already attempted to restart the servers and reviewed the configurations, our next action will be to examine the server resource usage. Could you provide us with the current server load details and any recent modifications made to the platform? We will call you at <tel_num> to discuss this further if required.",Incident,Technical Support,medium
Best Practices for Securing Medical Data with Snagit and KNIME,"I am contacting you to seek advice on the secure management of medical data when utilizing Snagit and KNIME. Given the sensitive nature of the data, I am keen to adhere to all necessary security protocols. Could you offer guidance on the secure storage and transmission of medical images and data through these tools? Additionally, I would be grateful for any suggestions on encryption, access control, and compliance with applicable regulations. I appreciate your consideration and anticipation of your prompt response. I am eager to hear from you soon.","Certainly, I am glad to assist you in securing medical data with Snagit and KNIME. To ensure compliance, I suggest encryption, access control, and the use of secure storage solutions. We can explore specific best practices suited to your needs. Could you please share details about your current setup and workflow? I am also available to speak further over a call; how about reaching out at <tel_num> as per your convenience?",Request,Customer Service,low
Guidance on Optimizing Investment Strategies Using Data Analytics,"Dear Customer Support, I am writing to request assistance in optimizing my investment strategies through the use of data analytics. The abundance of data available can be daunting, and I believe data analytics tools can aid in making more precise forecasts and maximizing returns. However, I need guidance on how to effectively use these tools. Could you provide me with some pointers on getting started? It would be greatly appreciated if you could recommend the most suitable data analytics tools for investment analysis, as well as offer tips on how to interpret the data and make informed decisions. Additionally, I would like to know if you have any resources or tutorials available that can help me learn more about data analytics and its application in investment strategies. I am very eager to learn more about this topic and appreciate your assistance in this matter. I look forward to your response. Best regards, [Your Name]",I am providing guidance on data analytics tools for investment analysis and recommending resources for further learning. Please allow me to contact you at your convenience.,Request,Product Support,high
Requirements for Wave Integration with Outlook 2021,"I am contacting you to seek information regarding the prerequisites for integrating Wave with Outlook 2021. Could you kindly furnish me with the essential details, including the minimum system specifications such as the operating system, processor speed, and memory capacity, to ensure a seamless integration process? Furthermore, are there any specific software or plugin prerequisites that need to be met? Additionally, it would be greatly appreciated if you could share any troubleshooting advice or typical issues that might occur during the integration. I am eagerly looking forward to your response and resolving this matter. Thank you for your time and support.","Hello <name>, to integrate Wave with Outlook 2021, make sure you have a 64-bit operating system, a minimum 2.0 GHz processor, and at least 4 GB of memory. You will also need to install the Wave plugin for Outlook. For troubleshooting, please refer to our website for common issues and solutions. If you require further assistance, I am available to schedule a call at <tel_num> to guide you through the process. Please let me know a suitable time for your <acc_num> account.",Request,Service Outages and Maintenance,high
Problem with Invoice,"I am encountering a problem with my invoice. The amount shown online is not accurate. I have attempted to resolve this by refreshing the page and signing out then back in, but the issue still exists. I believe it might be a technical error or a data synchronization issue. Can you please investigate this for me and give me a corrected invoice total?","In response to your email about the incorrect total on your invoice, I want to acknowledge the inconvenience this has caused you. To better assist you, could you provide your account number and the specific invoice number you are referring to? I will look into the matter and determine the reason for the discrepancy. If necessary, I may need to contact you to discuss further; please let me know your availability for a call at your convenience. We aim to provide you with the corrected invoice total as soon as possible. Please let me know if you have any additional information that can help resolve this issue.",Incident,Billing and Payments,low
Enquiries on Shopware Integrations with Google Cloud and Microsoft Azure,"Hello Customer Support, I am writing to inquire about the integrations that are currently available for Shopware with Google Cloud Platform and Microsoft Azure services. I am currently using Shopware as my e-commerce platform and I am keen to explore the integration opportunities with Google Cloud Platform and Microsoft Azure services. Would you be able to provide me with a detailed list of the available integrations and their descriptions? Furthermore, I would be grateful for any assistance in understanding how to set up and configure these integrations. Specifically, I am interested in knowing more about the integration with Google Cloud Storage, Google Cloud Functions, and Microsoft Azure Storage. Could you also inform me about any future plans for new integrations? Lastly, I would appreciate any insights into the limitations or restrictions on the use of these integrations. I look forward to your response and hope to receive detailed guidance on this matter. Thank you for your time and support. Kind regards, [Your Name]","Hello [Your Name], we appreciate your interest in exploring integrations for Shopware with Google Cloud Platform and Microsoft Azure services. We can offer you a comprehensive list of available integrations and their descriptions, including Google Cloud Storage, Google Cloud Functions, and Microsoft Azure Storage. I would like to arrange a call with you at [tel_num] to discuss your specific requirements in more detail and provide tailored guidance. Please let me know a convenient time for the call.",Request,Technical Support,high
Enhancing Security for Medical Data Transmission Systems,"Hello Customer Support, I am writing to inquire about enhancing security for the transmission and storage of medical data. Given the sensitive nature of medical information, it is crucial that it is protected with the highest level of security to safeguard patient details. Could you please share the current encryption methods used by your organization and the steps taken to ensure the secure handling of medical data? Additionally, are there plans to introduce further security enhancements, such as multi-factor authentication and encryption key management? Your insights on this matter would be greatly appreciated. Thank you for your time and cooperation. I eagerly await your response.","Hello <name>, thank you for contacting our customer support team concerning the enhancement of security for medical data transmission and storage systems. We understand the importance of securing such sensitive information and currently employ advanced encryption techniques to protect patient data. Our company utilizes strong encryption protocols to ensure the secure transmission and storage of medical information. We are continuously evaluating and improving our security measures to address potential threats. Regarding the implementation of multi-factor authentication and encryption key management, we are indeed considering these additional security measures to further strengthen the protection of medical data. I would be glad to discuss this further with you and provide more detailed information about our current security protocols and future plans. If you are available for a discussion at a convenient time, please let me know a suitable time and I will contact you at <tel_num>.",Change,Technical Support,high
Expansion of Digital Brand,"Customer support, reaching out for inquiries about digital strategy services to aid in brand growth. Would appreciate detailed information and pricing for the services offered. Thank you for your assistance, and I look forward to hearing back soon.","<name>, thank you for reaching out regarding digital strategy services to support brand growth. We offer a range of services designed to help businesses enhance their online presence and reach their target audience. Our services include social media management, content creation, and search engine optimization. We would be happy to provide more information and pricing. To better understand your needs and provide a personalized solution, could you please provide us with more details?",Request,Customer Service,low
Support for Data Analytics Platform Crash,"The data analytics platform encountered issues while processing client investment reports due to high server load and software conflicts, despite restarting applications and checking for updates. The problem continues and requires your assistance.",We need your help to resolve the crash on the Data Analytics Platform. Please provide any error messages and assist with troubleshooting.,Incident,IT Support,medium
Tech Support Inquiry,"I am contacting you to ask about the integration possibilities for ClickUp within my existing technology infrastructure. Could you send me a detailed list of tools that are compatible with ClickUp and a short explanation of their integration features? Additionally, I would be grateful for any instructions on setting up these integrations and any supplementary materials you can provide.","Dear <name>, we have noted your email concerning ClickUp's integration options. We offer several compatible tools that can integrate with ClickUp, such as Google Drive, Trello, and Slack. We can send you a list with brief descriptions of their integration processes. If you need setup instructions and further resources, we are available to call you at your convenience. Would you be free for a call at <tel_num> or do you prefer a different time?",Request,IT Support,medium
Support for Expanding a Brand,Seeking information on digital marketing tactics for brand growth. Please provide specifics on the services you offer.,"Appreciate your inquiry. We provide a range of digital marketing services to support brand growth, including social media management and search engine optimization. Let's discuss the details further.",Request,Technical Support,low
Update Integration Settings for Compatibility,"Customer support, requesting an update to the integration settings for various software tools to enhance compatibility with our scalable SaaS platform. The current settings, although optimized, are causing issues with data synchronization. I would greatly appreciate your assistance in updating these settings as soon as possible. Please let me know the necessary information so we can proceed.","Hello [name], we are happy to assist with updating the integration settings for compatibility. Could you please provide us with the specific software tools you are currently using and any current settings? This information will guide our update process. Additionally, we can schedule a call at your convenient time at [tel_num] to discuss further. Please let us know a suitable time for you.",Change,IT Support,medium
Digital Campaign Synchronization Problem Noted,"Hello Customer Support, <br>A digital campaign synchronization issue has been observed by me and I am reporting it here. <br>The issue surfaced after the recent software updates and configuration alterations. <br>Steps taken to troubleshoot include restarting the devices and verifying internet connectivity, but unfortunately, the issue still exists. <br>I kindly request you to examine the situation and offer a resolution at the earliest. <br>Please inform me if you need any further details from me for the resolution. <br>I am eagerly awaiting your response. <br>Thanks a lot for your attention and help. <br>Best regards, [Your Name]","Hello [name], We have noted your email concerning the digital campaign synchronization problem. Could you please share the <acc_num> and elaborate on the software updates and configuration changes that were implemented? I will look into this and get back to you with a solution as soon as possible. If necessary, I will reach out to you at <tel_num> for additional discussions.",Incident,IT Support,low
,"During the last deployment, users encountered notable performance issues with the application. This might be due to unoptimized code introduced in the latest update. We have already restarted the servers and rolled back the update, but the problems continue. The team is currently actively investigating the cause and working on a solution to restore optimal performance.",We are aware of the issue and the team is actively investigating to resolve the application performance slowdown. We will provide an update soon as a possible solution is found.,Problem,IT Support,high
Support Needed,"Customer Support, facing issues with unauthorized access attempts to medical data in my report. The problems might be due to outdated security protocols. Despite efforts to enhance encryption and update system settings, these measures have been unsuccessful. I would greatly appreciate some guidance to resolve the issue and prevent similar occurrences in the future. Please let me know the next steps to take. Thank you for your assistance, and I look forward to hearing from you soon.","<name>, thank you for reporting unauthorized access attempts to medical data. I understand your concern and would be happy to help. To better assist you, could you discuss the issue further and provide details on the current security protocols and the updates that have been attempted? I will be available to call at <tel_num> to guide you through the next steps to enhance the security of the system and prevent future occurrences. Please let me know a suitable time to call. I look forward to speaking with you soon.",Problem,Billing and Payments,high
Support Request for Data Breach Issue,"There has been an unexpected data breach that may have compromised sensitive medical data. This is likely due to insufficient security measures and outdated software. Actions taken include securing the system, updating passwords, and monitoring network activity. Assistance is needed to ensure the necessary steps are taken to protect sensitive information and prevent future breaches.",Please review the case and contact +1-800-123-4567 to discuss the necessary assistance.,Incident,Customer Service,low
Support for Digital Marketing,Request for enhancements in digital marketing tools integration to optimize software performance. Aim is to enable effective brand growth strategies and improve the overall customer experience. Appreciate if could look into this matter and provide a solution as soon as possible. Thank you for your time and assistance.,<name> received your request for enhancements in digital marketing tools integration to optimize software performance. The goal is to enable effective brand growth strategies and improve the overall customer experience. Would appreciate it if could gather more information to better understand your requirements. Could please provide specific details and information regarding the enhancements you are looking for and the current challenges you are facing. This will help in providing a suitable solution and proposing the next steps to achieve your goals and improve overall performance.,Change,IT Support,medium
Medical Support,"I am reaching out to inquire about solutions that can secure medical data and enhance hospital infrastructure. Could you provide details on the services you offer, including data encryption and network security? I would greatly appreciate any information that could help improve the overall efficiency of hospital operations. Thank you for your time and assistance. I look forward to hearing from you soon.","We offer data encryption and network security solutions to secure medical data and enhance hospital infrastructure, which can improve operational efficiency. Please call <tel_num> to discuss the details and provide information on our services.",Request,Product Support,high
Technical Help,"The scanner is not functioning correctly because of old drivers and recent macOS updates. Despite efforts to restart, update software, and reinstall drivers, the problem remains unresolved.","To resolve your scanner issue, could you kindly share your computer and scanner model along with the version of macOS you are running so that I can guide you on the appropriate drivers and updates?",Incident,IT Support,medium
Problem with SQL Server Downtime,"Faced an SQL Server outage that disrupted data analytics processing, impacting investment optimization. The outage might be due to high query loads on the server. Restarted the SQL Service and reviewed the server logs for any errors.","Noted the SQL Server outage issue affecting data analytics processing. To investigate further, could you please provide details on the high query loads that might have caused the outage? Additionally, I would like to review the server logs for any errors. If necessary, we can schedule a call to discuss the issue and explore possible solutions to prevent future outages. Please let me know a convenient time to contact you at <tel_num>.",Incident,Technical Support,medium
Strategies for Enhancing Digital Brand Growth,I hope this message finds you well. I am interested in learning about effective digital strategies that can help boost brand growth and engagement for businesses. Could you share some insights or recommendations on this matter? Your input would be greatly appreciated.,"Hello <name>, thank you for reaching out with your inquiry regarding digital brand growth and engagement strategies for businesses. To enhance brand growth and engagement, we suggest developing a robust online presence through social media marketing, search engine optimization, and content creation. Let's delve deeper into these strategies and tailor recommendations to fit your specific requirements. Could you please provide more details about your business and goals? If you're available, I propose scheduling a call at <tel_num> to discuss these strategies in more detail and address any questions you may have about our services and how we can support you.",Request,Customer Service,medium
Support for QuickBooks,"I am seeking information on billing options and the integration of the QuickBooks Online SaaS platform. Could you provide details on the available plans and pricing? I would appreciate it if you could explain the benefits of each plan and how they cater to different business needs. Additionally, I would like to know if there are any discounts available for long-term commitments and if a free trial period is offered. Please let me know the necessary information to assist with my inquiry.","Thank you for your interest in integrating the QuickBooks Online SaaS platform. We offer various plans with different pricing and benefits. To provide you with detailed information, could you please provide us with more details about your business needs? We are happy to discuss the plans and pricing and let you know if you are eligible for any discounts or if a free trial period is available.",Request,Billing and Payments,high
Support Required,"Dear Customer Support, I am writing to report an issue with the data visualization dashboard. The dashboard is not loading, and I suspect it might be due to an outdated browser version. I have already tried restarting my browser and clearing the cache, but the problem still persists. I would greatly appreciate your assistance in resolving this matter. Please let me know if there are any additional steps I can take or if you require more information from me. I am available to provide further details if needed. Thank you for your time and support. I look forward to hearing from you soon. Sincerely, [Your Name]","Dear [Your Name], thank you for reporting the issue with the data visualization dashboard. We will investigate and contact you shortly. Could you please confirm your browser version and provide a screenshot of the error message for further assistance?",Incident,Technical Support,low
Concerns with Data Analytics,The data analytics tool is yielding inconsistent results. It appears recent software updates might be the cause of data input errors. Efforts to revert to previous versions and validate input data have been unsuccessful.,"In response to your email regarding issues with the data analytics tool, I am sorry to hear that you are experiencing inconsistent output. I understand that your attempts to revert to previous versions and validate input data were unsuccessful. To help us investigate the issue, we would like to gather some information. Please provide the exact error message you are seeing and the steps you took to try and resolve the issue. It would also be helpful to know which version of the software you are currently using and the approximate time frame of the issue.",Incident,Human Resources,medium
,"Dear Customer Support, the critical data analytics report generation has failed due to software compatibility issues arising from recent updates. I have attempted to reinstall the affected software and restart the systems, but the issue still persists. I urgently need assistance to resolve this matter to avoid any delays.",We will assist with resolving the software compatibility issue. Please provide details on the updates and affected software so we can investigate further.,Incident,Technical Support,high
Inquiry on System Requirements for Project Management SaaS,"I am contacting you to seek details on the necessary system specifications for the optimal functioning of your project management software as a service. Could you furnish me with the minimum and recommended system configurations, including the processor speed, memory capacity, and the required operating system? This information is crucial for ensuring that our team's devices meet the requirements and can operate the software seamlessly.","I will provide you with the system requirements for our project management SaaS. You can find the details on our website, or I can call you at your convenience to discuss further.",Request,Customer Service,high
Customer Support,"Our marketing agency has encountered software malfunctions that are affecting our brand growth strategies. Recent system updates have been conflicting with our existing applications, leading to these issues. Despite our efforts to troubleshoot by reinstalling the affected software and clearing caches, the problems continue. We need your assistance to resolve these issues and get our systems running smoothly again.","Dear [Name], we apologize for the inconvenience caused by the software malfunctions. We appreciate the troubleshooting steps you have taken so far. To better understand the issue, could you please provide details on the system updates and existing applications that are conflicting? Additionally, knowing the exact error messages you are receiving would be very helpful. We would like to schedule a call to discuss the issue and work on a resolution. We are available at your convenience. Please let us know a suitable time for us to arrange.",Incident,Technical Support,high
Problem with Campaign Launch,"Hello customer support, I am contacting you to report that my digital marketing campaigns have not been able to start. This may be because of an incompatibility with the Express.js version I am using. Despite attempting to restart my Mac Mini and updating McAfee, the issue remains. I would be grateful if you could examine this situation and offer a remedy at your earliest convenience. Please inform me if you need further details from me to address this concern.",We regret the difficulties you are experiencing with your campaigns. We will look into the compatibility issues with Express.js. Could you please share your current Express.js version and any error messages you have encountered? We will strive to address and resolve this issue promptly and provide a solution or workaround to get your campaigns running.,Incident,Technical Support,low
Problem with Project Management Dashboard,"There are occasional access problems with the project management dashboard. This might be related to recent server updates. I have cleared the cache and verified the user permissions, but the issue continues. We need your help to resolve this as soon as possible. We would greatly appreciate a quick response to this matter and are looking forward to your prompt attention. Thank you.",We will investigate the issue with the project management dashboard and can be reached at <tel_num>. Please call us to discuss and resolve the matter as soon as possible.,Incident,Product Support,medium
Support Request: Medical Data Encryption Issue,"Dear Customer Support, I am inquiring about a problem I encountered with the medical data encryption process. The encryption failed abruptly, and I suspect it might be a result of a software configuration error. Despite restarting the servers and updating the software, the issue remains unresolved. I would be highly grateful if you could offer any guidance to address this. Please inform me if there are specific actions I should undertake or if you need further information from me. I am ready to supply any necessary details or engage in further discussion. Thanks for your assistance. Best regards, [Your Name]","Dear [Name],<br><br>Thank you for contacting us about the encryption issue with your medical data. We apologize for the inconvenience. We are available to assist you. Could you please share more specifics about the software configuration and the precise error message you are getting? This will aid us in diagnosing the problem. Should a call be necessary, please let us know a suitable time to reach you at <tel_num>. We aim to resolve this matter promptly. Thank you for your patience and cooperation.",Problem,IT Support,medium
Security of Medical Data,Could you provide details on securing medical data using the Hub Smart-Thermometer products? Thank you.,Please contact us to discuss securing medical data with our products soon.,Request,Technical Support,medium
Request for Updating Product Details and Integration Options,"Dear Customer Support, I am writing to request an update to the product details and integration options. The current process is causing inconvenience to customers, and we would like to request that the product details be updated to reflect the correct information. Additionally, we would appreciate if the integration options could be updated to include more flexible options for customers, as this would greatly improve the overall customer experience and reduce the number of returns and exchanges. Thank you.","Thank you for reaching out to us regarding the update to product details and integration options. We understand that the current process is causing inconvenience to customers and appreciate your suggestions for improving the overall customer experience. Your request will be forwarded to the product development team for review and update as soon as possible. To better assist you, could you please provide specific information regarding the product details and the integration options you would like to see updated?",Change,Returns and Exchanges,low
Assistance Required,"Our medical data security system is facing vulnerabilities, possibly due to outdated software without proper encryption. Despite attempts to secure the system by updating applications and implementing firewall rules, the issues continue. Urgent assistance is needed to resolve this issue as soon as possible.",Please call <tel_num> to discuss resolving the medical data security vulnerabilities immediately.,Problem,Technical Support,high
Data Breach Incident,"We have encountered a significant data breach impacting our medical data systems. This may have occurred due to outdated security protocols. We have attempted to implement immediate patches and security updates across the affected products, but the issue persists. We require urgent assistance to resolve the matter and prevent further breaches.","We are responding to your urgent email regarding the data breach affecting your medical data systems. To assist you, we need information on the security updates that have been applied to address the current issues you are experiencing. Could you please provide details on any errors or symptoms you are seeing? We will schedule a call at your earliest convenience to discuss and provide a solution to prevent future breaches.",Problem,Technical Support,high
Investment Data Analytics Platform Crash,"The investment data analytics platform unexpectedly halted because of inadequate system resources or software conflicts. After restarting the systems and reviewing for available updates, the issue remains unresolved.","I am responding to your concerns about the investment data analytics platform crash, which appears to be due to insufficient system resources or software conflicts. I appreciate your proactive steps in restarting the systems and verifying updates. To effectively address the problem, I kindly request additional details on the error messages you encountered and the updates you applied. Should further assistance be required, I am available for a detailed discussion at a mutually convenient time. Please provide the requested information or suggest a time for a call so that I can assist you in fully resolving the issue with the investment data analytics platform.",Problem,IT Support,high
Boost Data Analytics Support,Requesting an enhancement in our data analytics capabilities. We are aiming to optimize our investment strategies using the appropriate software and hardware tools to improve our data-driven decision-making and stay ahead of the competition. We believe that the right tools can support us in achieving our goal and driving business growth. I would greatly appreciate your guidance and recommendations on the tools to use. Thank you for your time and assistance.,"I would be happy to help enhance your data analytics capabilities, <name>. To provide suitable recommendations for software and hardware tools, could you please share more information about your current setup and specific requirements? You can contact <tel_num> to discuss and receive guidance on the tools that can support your investment strategies.",Change,Sales and Pre-Sales,high
Request for Updated Hardware and Software Compatibility,"Dear Customer Support Team, I am contacting you to inquire about the integration of new hardware and software compatibility to enhance our project management experience. As a valued customer, I believe it is crucial to adopt the latest technologies in order to achieve efficient and effective project management. The current system has some limitations, and I am requesting an update to include the latest hardware and software compatibility, which would facilitate better project management. Could you please share with me the current status of this integration and provide an estimated timeline for its implementation? Furthermore, are there any plans to introduce new features or updates that would further improve the project management experience? I would be grateful if you could provide me with more information on these matters. Thank you for your time and assistance. I am looking forward to hearing back from you soon. Please notify me if you need any additional information from me.","Dear [Name], thank you for your email regarding the integration of new hardware and software compatibility to enhance the project management experience. We appreciate your feedback and consider your opinion valuable. Our team is currently in the process of updating the system to include the latest hardware and software compatibility. We will provide you with the current status and an estimated timeline for implementation. To assist you better, could you please provide us with your account number [acc_num] and a convenient time for us to call you at [tel_num] to discuss this matter further? We will be happy to address any questions you may have and update you on new features and releases.",Change,Product Support,high
,"Dear Customer Support, I am in need of your assistance as I have encountered a data breach through an insecure network. The root cause is due to insufficient encryption and out-of-date firmware. Despite my efforts to address the issue by restarting the router and reviewing the firewall settings, the problem continues to persist. I would greatly appreciate your help in securing my network and preventing future breaches. Could you kindly offer guidance on how to update the firmware and enhance encryption? Additionally, I would be grateful for any supplementary advice to strengthen the security of my network. Thank you for your attention and assistance. I eagerly await your response. Sincerely, [Your Name]",I will assist you in securing your network and guide you on updating the firmware and implementing sufficient encryption. Please allow me to call you at a convenient time to discuss further and provide additional recommendations to enhance your network security.,Problem,Billing and Payments,high
Security Measures for Medical Data in Hospital Infrastructure,Could you provide detailed solutions for securing medical data within our hospital's infrastructure?,"We take the security of medical data in our hospital infrastructure very seriously. Solutions include implementing robust firewalls, encrypting sensitive data, and conducting regular security audits to identify vulnerabilities. We also provide secure access controls and monitoring systems to prevent unauthorized access. For detailed information, we would be happy to schedule a call to discuss your specific needs and requirements. I am available for a call at your convenience; please let me know a suitable time to make the arrangement.",Request,Sales and Pre-Sales,medium
Support for Security Concern,"A healthcare organization faced an unauthorized breach of medical data, which may be attributed to weak security measures. They have already implemented firewall enhancements and antivirus scans, but the issue continues. Assistance is required to identify the root cause and to implement a solution to prevent future occurrences.",Please investigate the security concern by contacting us at <tel_num>. We can discuss the necessary steps to resolve the problem.,Problem,Technical Support,low
Identifying Issues with Campaign Engagement,"Customer Support, <br>Our campaign metrics for Lynda.com Spiegellose Kamera indicate a notable drop in engagement. <br>Potential causes may include recent algorithm changes or ineffective targeting strategies. <br>We have made adjustments to ad spend and audience demographics, which have shown some improvement. <br>We would greatly appreciate your assistance in identifying the root cause of the issue and providing guidance to optimize our campaigns for better performance. <br>Please let us know if you need any additional information.","Upon reviewing the campaign metrics for Lynda.com Spiegellose Kamera, we would like to discuss and identify the root cause of the decline in engagement. Please provide details on any recent adjustments made to ad spend or audience demographics. You can contact us at <tel_num> to discuss the next steps.",Incident,Product Support,high
Support for Project Management SaaS Application Issues,"Our project management SaaS application is encountering functionality problems across multiple devices. It appears recent updates or integration conflicts might be the cause. We have already tried clearing the cache, reinstalling the application, and checking for updates, but the issue still persists. We need assistance to resolve this problem.","We are here to help with the functionality issues you are experiencing with your project management SaaS application. To better understand the issue, could you please provide more details about the errors you are encountering and any recent integrations or updates made? For your convenience, we would like to schedule a call to troubleshoot and resolve the issue. Please let us know a suitable time for the call at <tel_num>.",Incident,Technical Support,high
Update project software dashboard,Optimize the layout of the project management software dashboard for a better user experience and easier navigation. The revised design will facilitate quicker access to project tools.,Your request to update the project software dashboard layout for enhanced user experience and navigation has been noted.,Change,IT Support,low
Securing Medical Data on a WordPress Healthcare Site,"We are reaching out for guidance on securing medical data within a WordPress healthcare site. Our healthcare organization needs to ensure that our website is compliant with relevant regulations as we handle sensitive patient information. Could you provide us with recommendations for plugins, themes, and security practices to secure our WordPress site? We would greatly appreciate advice on data encryption, access controls, and backup procedures. Additionally, we are interested in understanding specific WordPress features that can help maintain the confidentiality of patient data.","Thank you for your concern regarding the security of medical data on your WordPress site. To ensure compliance with regulations, we recommend using reputable plugins for data encryption and access controls, as well as implementing two-factor authentication. Regular backups are also crucial. We can discuss specific WordPress features and best practices for maintaining the confidentiality, integrity, and availability of patient data. For a detailed discussion, we are available for a call at <tel_num>; please let us know a convenient time for you.",Request,Customer Service,low
Report on System Outage: Impact on Medical Data Security,"A system outage is impacting medical data security and hospital operations. The cause is unknown, but a recent software update or network failure is suspected. The team has restarted affected systems and reached out to vendors for assistance.","<name> has received the incident report concerning the system outage affecting medical data security and hospital operations. It is understood that the cause is unknown, with a recent software update or network failure being suspected. A discussion to determine the next steps would be appreciated. A call at the earliest convenience to gather information and work towards a resolution would be ideal. Please let us know a suitable time for the call at <tel_num> for account <acc_num>.",Incident,Service Outages and Maintenance,medium
Jenkins Data Analytics Inquiry,"I am contacting you to request information on data analytics tools that can be integrated with Jenkins for the purpose of investment optimization. I would be very grateful for any details or suggestions you could provide. Particularly, I am interested in tools that can assist me with the analysis and optimization of my investments. Thank you for your time and help.","Hello <name>, we are grateful for your query regarding data analytics tools that can be integrated with Jenkins for investment optimization. We have several solutions that can aid you in analyzing and optimizing your investments. Notable among these are Jenkins plugins that offer insights and metrics on investment performance. I would like to discuss this further with you and provide more specific recommendations. To better assist you, could you please share more details about your current investment setup and the specific metrics you aim to track? Alternatively, you can reach me at <tel_num> for a phone call if you prefer to discuss this matter over the phone.",Request,Billing and Payments,low
Invoicing Discrepancy Inquiry,"I am contacting you to address a recent billing irregularity. I was overbilled for goods I did not request. I believe this could be a result of a misconfigured account. I had previously reached out for assistance, but have not received a resolution. I kindly ask that you investigate and resolve this matter promptly. Please inform me if more details are needed from my side. I await your response.","We are examining the overcharge on your most recent invoice for goods that you did not request. To better assist you, could you please furnish your account number and the corresponding invoice number? After reviewing your case, we will get back to you to discuss a solution. Would you be available for a call to further discuss this? ",Problem,Billing and Payments,low
,Assistance needed for data breach in hospital systems,"Please acknowledge the data breach issue with hospital systems. To better assist you, could you provide details on the issue you're experiencing, the nature of the breach, and any error messages received? I would like to schedule a call to discuss this further. I am available to talk at your earliest convenience. Please let me know a suitable time for a callback at <tel_num>.",Incident,Technical Support,high
,"Respected customer support, I am contacting you to report a problem with our digital campaign. It unexpectedly stopped working and we're uncertain of the reason. We believe it could be because of updated software that is not compatible. Despite restarting the systems and checking the configurations, the issue is still occurring. We would be grateful if you could look into this and provide a solution at the earliest. Please inform us if you need more information from us to address the issue. We look forward to your response. Thank you for your time and help.","Dear <name>, we regret the issues encountered with your digital campaign and thank you for bringing it to our notice. We will look into the cause of the crash and work to resolve it promptly. To assist in the investigation, could you please provide us with details about the recently installed software updates and the specific error message you are receiving. If needed, we may arrange a call; are you available for a call at <tel_num> or do you prefer another time? We will contact you shortly to update you on the status of the issue.",Incident,Technical Support,high
Enhancement Strategies,I require assistance with digital strategies for optimizing the Magento e-commerce platform. Could you share the optimal methods to enhance performance and user experience?,"I am ready to help with Magento optimizations. To offer the best advice, please give me your current platform version and any specific issues you are facing. Based on this, I can provide personalized recommendations to improve performance and user experience, or we can arrange a call at a time that suits you.",Request,Returns and Exchanges,high
Urgent Assistance Required,"An unexpected service outage has impacted several systems, causing disruptions to access medical data for hospital services. The issue might be due to misconfiguration in the Kubernetes deployment or a potential software vulnerability. We have rebooted the affected servers and checked for configuration errors, but the issue still persists.","Received an urgent assistance request regarding the service outage that has affected multiple systems and hospital services. To better assist you, could you please provide details on any error messages and the steps that have been taken so far? It would be helpful to know the exact configuration of the Kubernetes deployment and any recent software updates. I would like to schedule a call to discuss this further and am available at the earliest convenience. Please let me know a suitable time.",Incident,Service Outages and Maintenance,high
Investment Analytics Tools,Need to integrate investment analytics tools with data from multiple sources.,Could you provide more details on the issue with integrating investment analytics tools with data from multiple sources? This will help me assist you better.,Problem,Returns and Exchanges,medium
Product Licenses Missing,"To the support team, I am contacting you to inform you of the absence of several product licenses, which might be a result of a potential database synchronization issue. After attempting to restart services and reviewing logs, the problem still exists. I kindly request you to investigate this and offer a resolution at your earliest convenience. Please inform me if you require any further details from me to address the situation. I am eagerly awaiting your response. Thanks for your assistance.","Dear [Name], thank you for reaching out to us regarding the missing product licenses, we regret the inconvenience this has caused you. We will look into the potential database synchronization issue and will work to resolve it promptly. Could you please share your [account_number] and additional information about the missing licenses, including the license numbers and associated products? Should we need to, we can schedule a call at [telephone_number] for further discussion. We appreciate your patience and cooperation, and we are looking forward to resolving the issue for you.",Problem,Billing and Payments,high
Strategies for Expanding Online Presence with Magento 2.4,"Hello Customer Support, I am contacting you to learn more about digital strategies that are compatible with Magento 2.4 to aid in the growth of my brand. I am keen to explore the various strategies that can enhance our online presence and would greatly appreciate any insights or recommendations you can share. Could you inform me about the diverse strategies and their potential benefits? I would be grateful for any assistance you can provide. Thank you for your time and help. I anticipate a response from you soon.","Hello <name>, we are pleased to hear from you and thank you for your inquiry regarding digital strategies for growth with Magento 2.4. Our team can provide you with information on a range of methods to boost your online presence, such as SEO, social media integration, and email marketing. We would be delighted to delve into these strategies with you and offer tailored guidance based on your specific needs. Would it be convenient for you to schedule a call to discuss your requirements further?",Request,Technical Support,high
Enhancing Investment Data Analytics,"Could you provide more details on optimizing investment data analytics products, similar to those found at Codecademy Elasticsearch? I'm interested in learning data analytics to better inform my investment decisions and improve returns. Specifically, I would like to know about the tools and techniques used to analyze data and make predictions about future market trends.","I would be happy to discuss optimizing investment data analytics. Please provide some information about your current investment goals, and we can discuss the tools and techniques used to analyze data and make predictions about future market trends during a convenient call.",Request,Returns and Exchanges,medium
Inquiry on System Requirements for SaaS Project Management Tool,"Hello Customer Support, I am writing to request information on the system requirements needed for the best performance of your SaaS project management tool. Could you kindly share the recommended browser, operating system, and hardware specifications? Additionally, any extra details on how to achieve the best user experience would be greatly appreciated. I look forward to your response and thank you in advance for your help.","Hello [name], for optimal performance of our SaaS project management tool, we recommend using the latest version of Google Chrome as the browser, Windows 10 as the operating system, and at least 8GB of RAM. Thank you.",Request,Technical Support,high
Needed: Support for Server Issues,"Unpredictable delays in data processing for investment analytics tools are happening because of server overload during peak usage times. Even after restarting servers and optimizing queries, the problems continue and require assistance to resolve the issue.","<name> has acknowledged receipt of your email regarding server overload issues impacting investment analytics tools. For better assistance, we would like to schedule a call to discuss the issue in detail. Please let us know when you would be available for the call, or offer alternative times. Additionally, knowing the current server configuration and any recent changes made to optimize queries will be helpful in investigating and providing a resolution.",Incident,Product Support,high
Issue with Overcharged Subscription Services,There was an overcharge by the marketing agency.,We are looking into the issue of overcharged subscription services by the marketing agency. Please provide your account number for an investigation and resolution.,Problem,Billing and Payments,medium
Services in Data Analytics,Is it possible to receive data analytics services that optimize investment strategies? Thank you.,"We can offer data analytics services to optimize investment strategies, providing insights and recommendations to improve returns. I would be happy to discuss and provide more information. We are available to call at your convenience to explore these services and support your investment goals. Please let us know a suitable time to reach you.",Request,General Inquiry,medium
,"Customer Support, seeking assistance with securing Kubernetes for medical data compliance in hospital environments. As hospitals handle sensitive patient data, strict security measures are required. I would like to know best practices for implementing Kubernetes in these environments to ensure the confidentiality, integrity, and availability of medical data. Specifically, I am interested in learning about network policies, access controls, and data encryption methods. Could you provide resources and documentation?","<name>, thank you for your inquiry regarding the securing of Kubernetes for medical data compliance. I recommend reviewing the documentation on network policies, access controls, and data encryption methods. We can schedule a call at <tel_num> to discuss this further. Please let us know a convenient time to reach you, so we can provide guidance tailored to your hospital environment <acc_num>.",Request,Technical Support,high
,"Dear Customer Support, I am encountering issues with the investment performance analytics report due to the recent software update. Despite my efforts to revert the update and restart the systems, the problem continues. I suspect there might be compatibility issues with my existing tools and analytics methods. I would greatly appreciate it if you could look into this matter urgently and provide a solution. Please inform me if you require any additional information; I am available to discuss and provide the necessary details. Thank you.","<name> acknowledges receipt of the email regarding the issue with investment performance analytics. Apologies for the inconvenience caused by the recent software update. We will investigate the matter and provide a solution as soon as possible. To better understand the issue, please provide details about the inconsistent results you are experiencing and the steps you have taken to revert the update. We would like to schedule a call at a convenient time for you. Please let us know a suitable time for the call, and we can contact you at <tel_num>.",Incident,Product Support,low
Assistance Requested for Data Encryption Issue,"Hello Support Team, I need assistance with a data encryption error that has been occurring. The error message 'Data encryption failed' is shown, and it seems a misconfiguration might be the reason. After attempting to restart the servers and review the logs, the issue still exists. I would be very grateful if you could assist in solving this problem. Please inform me if you require more details from me to help resolve this. Thank you for your support and I look forward to your feedback.","Hello, we appreciate you reaching out to us regarding the data encryption issue. We are ready to help you solve this. For a better understanding, could you please share the details of the configuration update and the most recent log files? This will assist us in identifying the issue and providing a solution. If necessary, we can arrange a call using the number <tel_num> to discuss further, kindly provide a convenient time for your account <acc_num>.",Incident,Technical Support,high
Potential Data Breach in Healthcare IT,A possible data breach may have happened because of an old software vulnerability. We ran an antivirus scan and checked the firewall.,"We are taking this data breach very seriously and thank you for your immediate response. To help us investigate the suspected breach, could you provide additional information on the outdated software and the timing of your antivirus check? Additionally, I will arrange a call at your convenience to discuss the necessary steps to secure your hospital's IT system.",Problem,Technical Support,medium
Advice on Securing Medical Data,"I am seeking guidance on securing medical data within a Mercurial environment on Google Cloud Platform in a hospital setting. Could you provide advice on data encryption, access control, and compliance with HIPAA regulations? I would greatly appreciate any recommendations or resources you can provide to ensure the security and integrity of sensitive medical information.","We can provide guidance on securing medical data in a Mercurial environment on Google Cloud Platform. Please allow us to call for your convenience to discuss the best practices for data encryption, access control, and HIPAA compliance.",Request,Customer Service,medium
Enhanced Security Protocols for Medical Data,It is imperative to draw attention to the need for implementing enhanced security measures for medical data across all affected systems. This is crucial to ensure compliance and data integrity. The current system has several vulnerabilities that need to be addressed immediately. We request that you take immediate action to rectify the situation and ensure the security of sensitive medical information. Please inform us of the steps you will take to address this issue.,We will investigate and implement the necessary security measures to protect medical data and ensure compliance with data integrity standards.,Change,IT Support,high
Request for Overview of Scalable SaaS Features for Project Management,Is it possible to provide an overview of the scalable SaaS features that enhance project management?,"The scalable SaaS features for project management include task tracking and team collaboration tools, which offer benefits such as increased productivity and improved project visibility. Please send a detailed overview of the features and their benefits via email.",Request,Technical Support,high
Support Enquiry for Medical Data Breach,"Hello Customer Support,\n\nI hope this message finds you well. I am contacting you to report a critical issue that has recently been brought to my attention. We have experienced a data breach that has exposed sensitive medical information, which is of great concern. Following an initial investigation, it seems that the breach might be due to the use of outdated Perl and Git versions in our system.\n\nI have already taken some measures, such as conducting security scans to find any vulnerabilities and updating our Magento platform to the latest version. Nevertheless, the problem still persists, and I need further assistance.\n\nI would greatly appreciate your help in identifying the root cause of the breach, recommending updates for our Perl and Git versions, and suggesting any additional preventive measures. Please let me know if you need any additional information from me to proceed with your investigation. I am available to discuss this matter further and provide any required details.\n\nI look forward to your prompt response.\nBest regards,\n[Your Name]","Hello [Your Name],\n\nThank you for your email regarding the medical data breach. I appreciate the steps you have already taken to address the issue. In order to provide the best assistance, could you please arrange a call at your convenience so we can go over the details of your system and the breach? I will require information about your system configuration, including the current versions of Perl and Git you are using, and any error messages you have encountered. Additionally, it would be helpful to know the results of the security scans you have conducted. Once we have this information, I can suggest how to update your Perl and Git versions and recommend further preventive measures to avoid similar incidents in the future.\n\nPlease let me know a suitable time for the call and I will make sure to contact you.\n\nThank you for your cooperation.\nBest regards,\n[Assistant Name]",Problem,Product Support,medium
Inquiry Regarding Necessary System Specifications for Peak Device Functionality,Could you please share the necessary system specifications for achieving peak device functionality?,"Dear customer, to achieve peak device functionality, the minimum system specifications required are a 2.5 GHz processor, 8 GB of RAM, and 256 GB of storage. However, for more detailed and specific requirements, please provide information about your device and operating system so we can offer more tailored advice. If needed, we can also arrange a convenient call to discuss this further.",Request,Customer Service,medium
Choices for HR Training,"Hello customer support, I am contacting you to seek information about the training programs available for new HR staff. Would you kindly share details on the types of programs, their duration, and any necessary prerequisites? Additionally, could you provide me with information on the costs involved and any potential discounts? I would greatly appreciate a call at <tel_num> to discuss further and find the most suitable training option for my needs. Thank you for your time and assistance. I am looking forward to your response.","Hello <name>, we provide various HR training programs with differing durations and prerequisites. Please allow me to call you at <tel_num> to provide you with detailed information on costs and discounts, and to discuss the best training option for your needs.",Request,Human Resources,low
Modification Required,Adjust marketing campaigns promptly to align with the updated brand messaging for enhanced outcomes.,I will adjust the marketing campaigns to align with the updated brand messaging promptly.,Change,Returns and Exchanges,high
Recurring Connection Problems with SaaS Application Across Various Devices,"I am reaching out to document the recurring connection issues I am experiencing with the SaaS application across multiple devices. Despite my efforts to resolve the issue by resetting the devices, updating the firmware, and reviewing network settings, the problems continue. It is possible that the issue is due to network configuration or compatibility problems with various products. After following the troubleshooting steps, the issue remains unresolved. I would greatly appreciate it if you could look into this matter and provide a solution at your earliest convenience. Please.",We have received your email regarding the connectivity issues with the SaaS application. We will investigate the matter and kindly request that you provide your account number so we can discuss further at your convenient time.,Problem,Product Support,high
Problem with Data Analytics Dashboard Performance,"Respected Customer Support, I am contacting you to report a problem with our data analytics dashboard. It has suddenly stopped updating and we have already attempted to restart the system and check the RAM. We believe the problem could be due to a RAM shortage or software conflict. The dashboard is crucial for our operations, and we require it to function without issues. Kindly investigate this matter and offer a solution or guidance on how to fix it. We would greatly appreciate any support you can provide to restore the dashboard. Thanks for your attention and assistance.","Dear <name>, we appreciate your communication regarding the malfunction of your data analytics dashboard. We regret the inconvenience this has caused to your operations. We are ready to assist you in resolving this issue. Could you please share details about your system setup, such as the operating system and software versions, as well as any changes made recently? This information will aid us in identifying the problem and providing a more precise solution. If necessary, we can arrange a call at <tel_num> to discuss further and provide guidance on resolving the issue related to <acc_num>. Thank you.",Incident,Technical Support,medium
Update Integration Features,"Dear Customer Support, we are reaching out to request an update on our product integration options with Salesforce CRM. Our team, currently utilizing several tools to manage projects, believes that enhancing our integration capabilities would significantly improve our workflow. Specifically, we would like to integrate our project management software with Salesforce to enable seamless data transfer and synchronization. This would allow us to track progress, assign tasks, and collaborate more efficiently across different teams.","Thank you for reaching out regarding the update of integration features for Salesforce CRM. We appreciate your feedback and understanding of the benefits of integrating your project management software with Salesforce. To better assist you, could you please provide us with information on the project management software you are currently using and the specific integration capabilities you are looking for? This will help us provide a tailored solution. If needed, we can schedule a call at <tel_num> to discuss at your convenience. We look forward to assisting you.",Change,Sales and Pre-Sales,low
Technical Assistance,"experienced data synchronization problems between MongoDB and Zoho Books, impacting operations.",examine the data synchronization issue between MongoDB and Zoho Books and contact support for assistance in resolving it.,Problem,IT Support,high
Assistance with Declining Website Traffic,"Hello, we have observed a significant reduction of 30% in our website traffic over the course of a single night. Potential causes could be recent algorithm modifications or software issues. After reviewing our analytics and updating our plugins and caching systems, the problem remains unresolved. We require your expertise to address and fix this situation.","Dear <name>, I apologize for the substantial drop in your website traffic over the last night. We appreciate your efforts in investigating the analytics, plugins, and caching. In order to delve deeper into this issue, could you provide some additional information about your website, including the platform it runs on and any recent modifications you have made? Additionally, have you encountered any error messages or experienced any delays in loading times? I would like to arrange a call to discuss this matter further. Please inform me of a convenient time, and I will ensure to contact you at <tel_num>.",Problem,Technical Support,high
Guide for Integrating Joomla SaaS Project Management Solution,I am attempting to integrate the Joomla SaaS project management solution. Could you provide detailed documentation and guidance on the integration process? I would greatly appreciate any resources or support you can offer to help me successfully complete the process.,"<name>, thank you for your interest in integrating the Joomla SaaS project management solution. A detailed guide on our website outlines the integration process. We can provide personalized support; please provide us with <acc_num> so we can look into your specific setup. If you need further assistance, we can schedule a call at <tel_num> to walk you through the process at your convenience.",Request,Returns and Exchanges,high
Urgency in Enhancing Encryption for Medical Data Protection,"Dear Customer Support, I am contacting you to emphasize the urgency of strengthening encryption measures for medical data storage and transmission across all hospital IT infrastructure. Safeguarding confidential patient information is paramount in the face of escalating cyber threats. I urge you to swiftly implement comprehensive end-to-end encryption for medical data both during transmission and while at rest. This should encompass all devices, such as laptops, tablets, and mobile phones, and ensure that all network-transmitted data is encrypted. Kindly provide updates on the actions you will take and the timeline for these measures. Thanks for your prompt attention to this critical issue.","Dear [Name], we value your communication on the need to bolster encryption protocols for medical data. Protecting patient information is a top priority, and we are committed to enhancing our security systems. We are currently evaluating our encryption practices to ensure they align with the highest standards. To address your concerns, we will thoroughly examine our IT systems and devices to pinpoint areas for enhancement. We will update you on the steps we will undertake and provide a timeline for implementation. If you wish to discuss this further, please suggest a convenient time for us to contact you at [Tel Number]. We will keep you informed of our progress in strengthening medical data security.",Change,Customer Service,low
,"Dear Customer Support, I am inquiring about the API integration capabilities for our project management SaaS. Could you please provide details on the available APIs, their functionality, and any documentation or support resources you offer? It would be greatly appreciated if you could share examples of successful integrations that other customers have implemented. This information will help me better understand the platform and meet our project management needs. Thank you for your assistance. I look forward to hearing from you soon. Regards, [Your Name]",We offer various APIs for integration. Please visit our website for documentation and support resources. We can also send examples of successful integrations and discuss further by calling <tel_num>. ,Request,Technical Support,high
Upgrade Medical Data Security Protocols,"Customer Support, please draft enhanced security measures for managing medical data in hospital systems. The current system has multiple vulnerabilities that could jeopardize the confidentiality, integrity, and availability of sensitive patient information. We recommend strengthening data protection by implementing advanced encryption techniques, secure data storage solutions, and robust access controls. Regular security audits and penetration testing should also be conducted to identify and address any potential weaknesses. Your assistance is appreciated.",We will review your request and provide a plan to enhance the medical data security protocols within the hospital systems.,Change,Customer Service,medium
,"Customer Support, I am writing to request enhancements in security measures for managing medical data in a hospital setting. Ensuring compliance and data integrity are crucial in the healthcare industry. I would like to propose the implementation of advanced encryption methods, regular security audits, and staff training in data protection practices. Additionally, it would be beneficial to establish an incident response plan and conduct regular penetration testing to identify vulnerabilities. I believe these measures would significantly improve our security.","<name>, we appreciate your email regarding enhancements to security measures for managing medical data in a hospital setting. We understand the importance of ensuring compliance and data integrity within the healthcare industry. The proposed implementation of advanced encryption methods, regular security audits, and staff training in data protection practices are viable options. Establishing an incident response plan and conducting regular penetration testing are crucial steps in identifying vulnerabilities. We would like to discuss this further.",Change,Customer Service,medium
Investment Analysis Platform Data Output Issues,"The investment analysis platform is producing inconsistent data outputs, which may be due to potential software integration issues. Steps taken to resolve the issue, such as rebooting the system and updating applications, have not resolved the problem. Assistance is required.","Dear customer, \n\nI have received your email regarding the inconsistent data outputs from the investment analysis platform. It is noted that you have already attempted to resolve the issue by rebooting the system and updating applications, but the problem still persists. I would like to assist in resolving this issue. To better understand the problem, could you please provide details on the inconsistent data outputs you are experiencing, including any specific errors or discrepancies you are seeing? Additionally, I would like to schedule a call to further discuss this matter.",Problem,Technical Support,medium
Support for SQL Server,Could you provide documentation on integrating SQL Server with data analytics tools? I am looking for guides and tutorials to begin the integration process.,"Certainly, we provide a range of guides and tutorials on our website for integrating SQL Server with data analytics tools. Please check our support page for further details and resources to kick-start your integration.",Request,Billing and Payments,medium
